SupplierID,SupplierName,Phone,City
1,Saudi Home Goods 1,+966583371241,Mecca
2,Saudi Home Goods 2,+966545072894,Jeddah
3,Khobar Accessories Trading 3,+966554759312,Tabuk
4,Riyadh Tech Trading 4,+966538821684,Hail
5,Mecca Wholesale Market 5,+966584401329,Dammam
6,Khobar Accessories Trading 6,+966521340669,Tabuk
7,Dammam Electronics Co 7,+966511679635,Taif
8,Mecca Wholesale Market 8,+966558944319,Abha
9,Riyadh Tech Trading 9,+966587071926,Tabuk
10,Jeddah Fashion Supply 10,+966577180909,Al Ahsa
11,Khobar Accessories Trading 11,+966520794977,Tabuk
12,Riyadh Tech Trading 12,+966535968972,Khobar
13,Jeddah Fashion Supply 13,+966548486327,Najran
14,Saudi Home Goods 14,+966520418644,Jazan
15,Saudi Home Goods 15,+966576024941,Yanbu
16,Mecca Wholesale Market 16,+966516137482,Jeddah
17,Dammam Electronics Co 17,+966543157189,Abha
18,Saudi Home Goods 18,+966518684350,Buraidah
19,Mecca Wholesale Market 19,+966539209748,Yanbu
20,Saudi Home Goods 20,+966566198036,Hail
21,Khobar Accessories Trading 21,+966529687201,Medina
22,Jeddah Fashion Supply 22,+966549571718,Taif
23,Khobar Accessories Trading 23,+966591406582,Taif
24,Jeddah Fashion Supply 24,+966540412755,Tabuk
25,Khobar Accessories Trading 25,+966528615714,Tabuk
26,Mecca Wholesale Market 26,+966575322080,Riyadh
27,Riyadh Tech Trading 27,+966593775433,Abha
28,Dammam Electronics Co 28,+966562059617,Buraidah
29,Dammam Electronics Co 29,+966513657923,Hail
30,Jeddah Fashion Supply 30,+966535434526,Jeddah
31,Saudi Home Goods 31,+966517290594,Medina
32,Dammam Electronics Co 32,+966585176294,Abha
33,Khobar Accessories Trading 33,+966557318781,Tabuk
34,Riyadh Tech Trading 34,+966569198200,Jazan
35,Mecca Wholesale Market 35,+966562810346,Abha
36,Jeddah Fashion Supply 36,+966539713913,Jeddah
37,Khobar Accessories Trading 37,+966536064065,Jazan
38,Mecca Wholesale Market 38,+966572892283,Yanbu
39,Mecca Wholesale Market 39,+966559316559,Jeddah
40,Mecca Wholesale Market 40,+966558277833,Riyadh
41,Jeddah Fashion Supply 41,+966576854863,Riyadh
42,Jeddah Fashion Supply 42,+966582358677,Yanbu
43,Jeddah Fashion Supply 43,+966587617011,Hail
44,Dammam Electronics Co 44,+966573621948,Hail
45,Riyadh Tech Trading 45,+966510033479,Tabuk
46,Mecca Wholesale Market 46,+966529928905,Buraidah
47,Jeddah Fashion Supply 47,+966582986164,Riyadh
48,Jeddah Fashion Supply 48,+966552244605,Jeddah
49,Dammam Electronics Co 49,+966597995762,Tabuk
50,Mecca Wholesale Market 50,+966595004830,Yanbu
51,Saudi Home Goods 51,+966530010973,Yanbu
52,Jeddah Fashion Supply 52,+966546705909,Dammam
53,Mecca Wholesale Market 53,+966521574595,Medina
54,Dammam Electronics Co 54,+966537645722,Al Ahsa
55,Riyadh Tech Trading 55,+966530056007,Yanbu
56,Riyadh Tech Trading 56,+966546290192,Najran
57,Dammam Electronics Co 57,+966578093709,Riyadh
58,Mecca Wholesale Market 58,+966538899211,Taif
59,Mecca Wholesale Market 59,+966550317471,Dammam
60,Jeddah Fashion Supply 60,+966517006040,Taif
61,Khobar Accessories Trading 61,+966594797213,Mecca
62,Riyadh Tech Trading 62,+966572253485,Hail
63,Dammam Electronics Co 63,+966579754462,Riyadh
64,Saudi Home Goods 64,+966535286891,Najran
65,Saudi Home Goods 65,+966549689428,Abha
66,Riyadh Tech Trading 66,+966527636874,Najran
67,Dammam Electronics Co 67,+966551340520,Jazan
68,Mecca Wholesale Market 68,+966522715118,Al Ahsa
69,Dammam Electronics Co 69,+966556168396,Yanbu
70,Saudi Home Goods 70,+966546687844,Taif
71,Jeddah Fashion Supply 71,+966567685361,Najran
72,Mecca Wholesale Market 72,+966578823172,Najran
73,Saudi Home Goods 73,+966534742983,Yanbu
74,Khobar Accessories Trading 74,+966569245122,Abha
75,Riyadh Tech Trading 75,+966577725103,Mecca
76,Jeddah Fashion Supply 76,+966534010931,Khobar
77,Khobar Accessories Trading 77,+966559410256,Mecca
78,Saudi Home Goods 78,+966558118543,Medina
79,Riyadh Tech Trading 79,+966548795917,Jeddah
80,Jeddah Fashion Supply 80,+966515183036,Medina
81,Mecca Wholesale Market 81,+966560321833,Jazan
82,Khobar Accessories Trading 82,+966541134640,Tabuk
83,Saudi Home Goods 83,+966569420307,Taif
84,Saudi Home Goods 84,+966537590623,Abha
85,Dammam Electronics Co 85,+966574762628,Dammam
86,Mecca Wholesale Market 86,+966545229406,Jazan
87,Mecca Wholesale Market 87,+966512629127,Mecca
88,Mecca Wholesale Market 88,+966510451401,Al Ahsa
89,Khobar Accessories Trading 89,+966528719565,Al Ahsa
90,Riyadh Tech Trading 90,+966550573940,Yanbu
91,Saudi Home Goods 91,+966514443173,Taif
92,Riyadh Tech Trading 92,+966590664261,Yanbu
93,Dammam Electronics Co 93,+966549260226,Mecca
94,Riyadh Tech Trading 94,+966594320164,Medina
95,Khobar Accessories Trading 95,+966548646329,Hail
96,Khobar Accessories Trading 96,+966517516304,Mecca
97,Dammam Electronics Co 97,+966595472520,Al Ahsa
98,Jeddah Fashion Supply 98,+966576709288,Jazan
99,Riyadh Tech Trading 99,+966547522777,Taif
100,Riyadh Tech Trading 100,+966523037332,Medina
101,Saudi Home Goods 101,+966522291712,Mecca
102,Jeddah Fashion Supply 102,+966536466656,Riyadh
103,Mecca Wholesale Market 103,+966587699730,Jazan
104,Jeddah Fashion Supply 104,+966575274109,Buraidah
105,Jeddah Fashion Supply 105,+966548402252,Dammam
106,Khobar Accessories Trading 106,+966519408409,Tabuk
107,Khobar Accessories Trading 107,+966552987062,Al Ahsa
108,Saudi Home Goods 108,+966513179355,Yanbu
109,Riyadh Tech Trading 109,+966595963080,Jeddah
110,Khobar Accessories Trading 110,+966552382777,Jazan
111,Saudi Home Goods 111,+966511774856,Hail
112,Saudi Home Goods 112,+966526293824,Taif
113,Khobar Accessories Trading 113,+966576983547,Jeddah
114,Riyadh Tech Trading 114,+966593896782,Abha
115,Dammam Electronics Co 115,+966519997467,Hail
116,Riyadh Tech Trading 116,+966551690547,Dammam
117,Jeddah Fashion Supply 117,+966523552240,Riyadh
118,Jeddah Fashion Supply 118,+966571052648,Mecca
119,Jeddah Fashion Supply 119,+966564832083,Abha
120,Saudi Home Goods 120,+966554875537,Tabuk
121,Jeddah Fashion Supply 121,+966599842970,Jazan
122,Khobar Accessories Trading 122,+966586174376,Taif
123,Khobar Accessories Trading 123,+966514926594,Hail
124,Mecca Wholesale Market 124,+966522454687,Jeddah
125,Riyadh Tech Trading 125,+966545016401,Al Ahsa
126,Khobar Accessories Trading 126,+966544834747,Jeddah
127,Khobar Accessories Trading 127,+966586733054,Taif
128,Khobar Accessories Trading 128,+966550729820,Riyadh
129,Dammam Electronics Co 129,+966532041617,Najran
130,Jeddah Fashion Supply 130,+966556044178,Yanbu
131,Dammam Electronics Co 131,+966557932715,Al Ahsa
132,Riyadh Tech Trading 132,+966529502532,Buraidah
133,Khobar Accessories Trading 133,+966598919485,Medina
134,Jeddah Fashion Supply 134,+966598775733,Khobar
135,Saudi Home Goods 135,+966564531958,Jeddah
136,Riyadh Tech Trading 136,+966592549603,Khobar
137,Mecca Wholesale Market 137,+966544749361,Buraidah
138,Dammam Electronics Co 138,+966525895049,Riyadh
139,Jeddah Fashion Supply 139,+966565912733,Medina
140,Jeddah Fashion Supply 140,+966582869228,Hail
141,Riyadh Tech Trading 141,+966538858919,Najran
142,Mecca Wholesale Market 142,+966572069689,Khobar
143,Khobar Accessories Trading 143,+966517676159,Al Ahsa
144,Saudi Home Goods 144,+966581835165,Yanbu
145,Saudi Home Goods 145,+966542702971,Jeddah
146,Riyadh Tech Trading 146,+966588455200,Khobar
147,Dammam Electronics Co 147,+966568300540,Taif
148,Khobar Accessories Trading 148,+966550324192,Medina
149,Dammam Electronics Co 149,+966584363918,Mecca
150,Riyadh Tech Trading 150,+966594380308,Hail
151,Khobar Accessories Trading 151,+966583031573,Buraidah
152,Mecca Wholesale Market 152,+966529170954,Hail
153,Riyadh Tech Trading 153,+966583007632,Yanbu
154,Mecca Wholesale Market 154,+966553221662,Buraidah
155,Mecca Wholesale Market 155,+966594633454,Riyadh
156,Riyadh Tech Trading 156,+966569022199,Medina
157,Saudi Home Goods 157,+966534500446,Riyadh
158,Mecca Wholesale Market 158,+966594188202,Yanbu
159,Khobar Accessories Trading 159,+966592110841,Khobar
160,Mecca Wholesale Market 160,+966588008939,Medina
161,Dammam Electronics Co 161,+966556588916,Jazan
162,Saudi Home Goods 162,+966581210317,Buraidah
163,Riyadh Tech Trading 163,+966549515084,Yanbu
164,Saudi Home Goods 164,+966576381624,Tabuk
165,Riyadh Tech Trading 165,+966517553676,Jeddah
166,Dammam Electronics Co 166,+966531102371,Taif
167,Riyadh Tech Trading 167,+966568394199,Hail
168,Khobar Accessories Trading 168,+966554594375,Buraidah
169,Jeddah Fashion Supply 169,+966550813736,Jazan
170,Jeddah Fashion Supply 170,+966543075725,Yanbu
171,Khobar Accessories Trading 171,+966527774452,Jeddah
172,Mecca Wholesale Market 172,+966545042125,Abha
173,Saudi Home Goods 173,+966554682999,Abha
174,Jeddah Fashion Supply 174,+966597070269,Riyadh
175,Jeddah Fashion Supply 175,+966523510613,Buraidah
176,Mecca Wholesale Market 176,+966559747718,Dammam
177,Saudi Home Goods 177,+966559069685,Hail
178,Dammam Electronics Co 178,+966575831676,Al Ahsa
179,Jeddah Fashion Supply 179,+966561817276,Jeddah
180,Khobar Accessories Trading 180,+966518075906,Hail
181,Dammam Electronics Co 181,+966547493735,Tabuk
182,Khobar Accessories Trading 182,+966590786809,Taif
183,Riyadh Tech Trading 183,+966560919496,Khobar
184,Riyadh Tech Trading 184,+966544004978,Hail
185,Dammam Electronics Co 185,+966533857045,Taif
186,Jeddah Fashion Supply 186,+966575574187,Riyadh
187,Khobar Accessories Trading 187,+966570690069,Medina
188,Khobar Accessories Trading 188,+966556591525,Dammam
189,Khobar Accessories Trading 189,+966526218069,Buraidah
190,Riyadh Tech Trading 190,+966557003963,Medina
191,Saudi Home Goods 191,+966519681662,Mecca
192,Khobar Accessories Trading 192,+966586692697,Khobar
193,Mecca Wholesale Market 193,+966594060134,Najran
194,Riyadh Tech Trading 194,+966573682891,Al Ahsa
195,Mecca Wholesale Market 195,+966546299409,Jazan
196,Saudi Home Goods 196,+966573248529,Khobar
197,Khobar Accessories Trading 197,+966533751089,Buraidah
198,Jeddah Fashion Supply 198,+966573328424,Al Ahsa
199,Riyadh Tech Trading 199,+966571834424,Tabuk
200,Khobar Accessories Trading 200,+966580717172,Yanbu
201,Khobar Accessories Trading 201,+966556572593,Tabuk
202,Khobar Accessories Trading 202,+966586320649,Jazan
203,Saudi Home Goods 203,+966540057470,Hail
204,Saudi Home Goods 204,+966529705326,Riyadh
205,Jeddah Fashion Supply 205,+966530270911,Taif
206,Khobar Accessories Trading 206,+966566350656,Riyadh
207,Dammam Electronics Co 207,+966590416652,Najran
208,Saudi Home Goods 208,+966556873236,Al Ahsa
209,Khobar Accessories Trading 209,+966525715716,Al Ahsa
210,Dammam Electronics Co 210,+966598944454,Taif
211,Jeddah Fashion Supply 211,+966582488588,Riyadh
212,Dammam Electronics Co 212,+966540940578,Taif
213,Mecca Wholesale Market 213,+966556798580,Medina
214,Saudi Home Goods 214,+966513532520,Jazan
215,Saudi Home Goods 215,+966580393656,Abha
216,Mecca Wholesale Market 216,+966550969696,Jazan
217,Saudi Home Goods 217,+966573289854,Taif
218,Riyadh Tech Trading 218,+966532690392,Abha
219,Jeddah Fashion Supply 219,+966539362399,Jeddah
220,Dammam Electronics Co 220,+966577548038,Tabuk
221,Jeddah Fashion Supply 221,+966571522151,Tabuk
222,Riyadh Tech Trading 222,+966542288402,Riyadh
223,Mecca Wholesale Market 223,+966599076640,Medina
224,Saudi Home Goods 224,+966535421504,Tabuk
225,Dammam Electronics Co 225,+966559523483,Abha
226,Mecca Wholesale Market 226,+966556954868,Al Ahsa
227,Mecca Wholesale Market 227,+966540472588,Najran
228,Riyadh Tech Trading 228,+966551511053,Dammam
229,Jeddah Fashion Supply 229,+966539268512,Mecca
230,Khobar Accessories Trading 230,+966526620099,Khobar
231,Khobar Accessories Trading 231,+966527113922,Abha
232,Dammam Electronics Co 232,+966557894480,Najran
233,Saudi Home Goods 233,+966554537971,Jeddah
234,Mecca Wholesale Market 234,+966593604858,Najran
235,Riyadh Tech Trading 235,+966516189429,Hail
236,Mecca Wholesale Market 236,+966533713186,Yanbu
237,Jeddah Fashion Supply 237,+966527615082,Riyadh
238,Riyadh Tech Trading 238,+966527334720,Buraidah
239,Jeddah Fashion Supply 239,+966586698064,Buraidah
240,Khobar Accessories Trading 240,+966576697122,Taif
241,Saudi Home Goods 241,+966576890159,Yanbu
242,Jeddah Fashion Supply 242,+966599658574,Dammam
243,Riyadh Tech Trading 243,+966569682406,Taif
244,Mecca Wholesale Market 244,+966587941493,Dammam
245,Dammam Electronics Co 245,+966570385803,Buraidah
246,Jeddah Fashion Supply 246,+966561267488,Khobar
247,Dammam Electronics Co 247,+966556120258,Najran
248,Jeddah Fashion Supply 248,+966564459382,Najran
249,Khobar Accessories Trading 249,+966559547366,Khobar
250,Dammam Electronics Co 250,+966559288691,Riyadh
